ID,X,Y,Population,Elevation,Slope,Landcover,Riverflow,NAME,Road_dist,Cluster
2074,156728.8796,8526866.856,0,308.6730042,2.50364545,1,,,1322.749102,
2073,156838.3799,8525816.474,0,300.7139893,2.549669988,1,,,1597.648444,
2072,156864.2051,8520188.453,0,303.9869995,1.27943321,5,,,796.8234105,
2061,155374.4036,8512027.12,0,309.6409912,4.540730598,5,,,6055.070218,
2058,155535.0098,8508957.116,0,358.7319946,7.375646736,1,,,5167.351182,
2132,159505.0692,8526827.707,0,307.1059875,4.685351509,1,,,611.72469,
2104,159087.4091,8524455.257,0,335.9609985,7.310405754,1,,,201.4021924,
2100,159173.903,8520599.939,0,321.0559998,3.937873237,1,,,541.1948862,
2122,160191.9824,8516527.853,0,322.5140076,2.017046405,1,,,128.3962817,
2096,159768.4404,8512170.422,0,303.9930115,1.262148087,5,,,3816.5411,
2078,159205.9191,8508574.463,0,339.5440063,7.380289375,1,,,1934.934888,
2089,159824.6296,8505630.214,0,327.0249939,10.36654134,1,,,82.39118346,
2109,160599.2925,8501039.383,0,320.2279968,4.146298008,5,,,4582.035353,
2226,163245.1365,8527473.645,0,376.4630127,2.229856175,1,,,1133.014282,
2223,163063.5387,8524450.507,0,375.6830139,3.171971608,1,,,438.7634463,
2219,163063.5387,8520450.507,0,369.9190063,1.886266463,1,,,1148.564456,
2215,163063.5387,8516450.507,0,351.2569885,1.347643497,1,,,110.8815305,
2175,163063.5387,8512450.507,0,369.2250061,7.020858517,1,,,2843.720568,
2171,163063.5387,8508450.507,0,428.8869934,6.357026346,1,,,927.2885928,
2167,163072.9122,8504452.657,0,415.0679932,10.35230326,1,,,3517.856091,
2163,163174.1429,8501404.466,0,318.8670044,2.781634525,5,,,3813.400797,
2232,164296.7054,8496397.332,0,457.7250061,11.847454,1,,,768.4444096,
2192,164029.2954,8492318.676,0,469.4679871,16.22798734,1,,,4420.878218,
1436,164509.0946,8489714.017,0,389.9089966,11.79318409,1,,,5796.185966,
6745,167931.9196,8534558.171,0,365.776001,5.184698242,5,,,7050.276013,
6743,167818.0158,8532381.736,0,522.1259766,15.98126695,1,,,5189.365387,
2378,167240.2167,8528291.232,0,361.1090088,1.626834209,1,,,1889.631621,
2374,167063.5387,8524450.507,0,383.6809998,1.571569832,1,,,2539.603257,
2370,167063.5387,8520450.507,0,400.2160034,1.767381781,1,,,560.688461,
2365,167063.5387,8516450.507,0,405.8420105,15.97147158,1,,,2396.576865,
2322,167063.5387,8512450.507,0,374.1010132,1.678007655,1,,,2493.773882,
2318,167063.5387,8508450.507,0,467.3359985,6.185956019,1,,,758.7127402,
2314,167063.5387,8504450.507,0,397.5140076,14.6948608,1,,,1912.375192,5
2310,167087.773,8500459.194,101,330.5029907,11.21783305,1,,,1915.126485,5
2306,167063.5387,8496450.507,0,364.0920105,2.762707914,1,,,550.5832013,5
2302,167063.5387,8492450.507,0,573.7680054,13.7364561,1,,,2103.738009,
1450,167120.8226,8488485.074,0,608.9899902,25.49400024,5,,,5886.709809,
1447,167565.289,8485327.878,0,389.8049927,8.478207954,5,,,7166.815503,
6751,170284.0376,8531552.586,0,443.0559998,19.32914705,1,,,6160.694351,
2534,171019.4127,8528399.636,0,624.1710205,23.84902183,5,,,5617.741828,
2529,171063.5387,8524450.507,0,436.8729858,11.56905101,1,,,3713.528225,
2525,171063.5387,8520450.507,0,448.4119873,6.579920977,5,,,509.5008148,
2482,171063.5387,8516450.507,0,547.9050293,19.24774934,5,,,592.1308327,
2478,171063.5387,8512450.507,0,396.3299866,7.670298,5,,,241.9704631,
2474,171063.5387,8508450.507,0,415.8059998,6.488416144,1,,,910.4702875,
2470,171063.5387,8504450.507,2,376.4599915,18.18132453,1,,,391.0637294,5
2466,171063.5387,8500450.507,6,366.0350037,6.15201581,1,,,515.5406212,5
2462,171063.5387,8496450.507,6,452.7219849,7.792621026,1,,,1375.616463,5
2458,171063.5387,8492450.507,4,812.6859741,13.19745281,1,,,3192.958005,
1484,171063.5387,8488450.507,0,589.4970093,24.62573343,1,,,4289.611639,4
1480,171088.0844,8484472.782,4,422.1889954,4.529364272,5,,,3639.109787,4
1490,171317.8929,8480641.779,9,483.196991,13.49432487,1,,,5005.162417,4
1503,172558.5259,8476303.185,3,363.5130005,4.23427968,1,,,1641.576907,4
1502,172947.0989,8470915.66,0,412.2590027,22.51744467,1,,,4781.008221,
1502,172848.5909,8470376.111,0,371.928009,7.690623277,1,,,5328.400379,
2691,174995.7439,8530472.307,0,513.6660156,4.964137393,5,,,9269.713617,
2689,175030.5102,8528317.67,0,786.0109863,13.4767023,1,,,7308.271946,
2685,175063.5387,8524450.507,0,895.0460205,6.969891834,1,,,3660.944993,
2642,175063.5387,8520450.507,0,646.0819702,12.41470768,5,,,872.2163632,
2638,175063.5387,8516450.507,0,691.7470093,17.34362596,1,,,1968.0364,
2634,175063.5387,8512450.507,0,424.6990051,10.11970807,1,,,3436.908503,
2630,175063.5387,8508450.507,3,582.8099976,11.38007391,1,,,2931.618647,6
2626,175063.5387,8504450.507,9,419.8410034,4.493790917,1,,,3776.423944,6
2622,175063.5387,8500450.507,1,379.8049927,16.21240942,1,,,4035.138448,
2618,175063.5387,8496450.507,14,489.118988,19.46134279,5,,,1757.538245,5
2614,175063.5387,8492450.507,2,601.5360107,8.575720255,1,,,312.6492355,
1560,175063.5387,8488450.507,15,466.5950012,2.540145117,1,,,640.5648729,4
1556,175063.5387,8484450.507,27,472.2019958,5.801466959,1,,,107.1961208,4
1552,175100.4842,8480482.406,22,369.1130066,2.100796479,1,,,2567.030409,4
1548,175092.8453,8476470.168,0,667.3800049,18.04872644,1,,,1385.769924,4
1568,175306.2154,8472408.761,4,410.2109985,1.773234033,1,,,3411.184007,
1565,176143.8966,8469533.046,0,392.5669861,7.473691543,1,,,6395.918036,
2804,178455.1953,8527103.226,0,606.2410278,15.75825722,5,,,4536.168821,7
2838,179066.9884,8524437.969,18,701.1480103,11.49286613,1,,,2032.604156,7
2797,179063.5387,8520450.507,0,727.7340088,9.216212642,5,,,23.93575067,
2793,179063.5387,8516450.507,0,755.0269775,9.949373435,5,,,3912.85558,
2789,179063.5387,8512450.507,0,709.0570068,17.43887243,1,,,7091.641773,
2785,179063.5387,8508450.507,6,615.0679932,19.502488,1,,,6914.80824,6
2781,179063.5387,8504450.507,21,432.0010071,20.36983134,5,,,7540.850821,6
2777,179063.5387,8500450.507,0,540.7290039,24.33968881,5,,,7362.55304,6
2773,179063.5387,8496450.507,0,412.7229919,9.508444552,1,,,5093.374016,
2731,179063.5387,8492450.507,0,682.7709961,13.39267603,1,,,3756.092013,
1659,179063.5387,8488450.507,2,594.3480225,13.92054581,1,,,3081.236348,4
1655,179063.5387,8484450.507,17,554.7000122,4.655405646,1,,,919.054601,4
1651,179063.5387,8480450.507,70,433.5150146,4.833763276,5,,,2046.744012,4
1647,179063.5387,8476450.507,4,699.1849976,18.93470368,1,,,4925.730998,4
1643,179063.5387,8472450.507,0,816.3010254,16.41694582,5,,,5918.073381,
1638,179237.6318,8468704.623,0,445.3099976,4.188925642,1,,,8613.134375,
1702,180715.5018,8465435.135,0,398.7290039,5.871951253,1,,,7032.37486,
1666,180536.5065,8460213.537,0,416.2210083,6.031938494,1,,,4262.416267,
1663,180562.5271,8457651.37,0,444.1870117,4.962320604,1,,,4470.108312,
2988,182974.9331,8527409.694,27,680.1400146,2.16497298,1,,,3821.415071,7
2947,183063.5387,8524450.507,0,899.5540161,34.324277,5,,,1005.144097,7
2943,183063.5387,8520450.507,5,926.164978,9.063165626,5,,,2676.597515,
2939,183063.5387,8516450.507,0,706,5.698180048,5,,,5477.499113,
2935,183063.5387,8512450.507,0,739.5510254,21.13362668,5,,,8349.321792,
2931,183063.5387,8508450.507,6,471.178009,24.77874081,1,,,9047.446444,6
2927,183063.5387,8504450.507,0,523.5109863,13.40866474,5,,,10655.35702,6
2923,183063.5387,8500450.507,0,563.6019897,12.46637567,5,,,10445.78968,
2919,183063.5387,8496450.507,0,474.677002,19.7410716,1,,,8957.024682,
2878,183063.5387,8492450.507,0,496.5140076,20.84752908,1,,,7724.437037,
1789,183063.5387,8488450.507,12,501.9700012,11.96472401,1,,,6410.355038,4
1785,183063.5387,8484450.507,17,604.5609741,17.73090511,1,,,3431.599592,4
1780,183063.5387,8480450.507,13,491.1870117,6.941352772,5,,,246.9876614,4
1776,183063.5387,8476450.507,0,466.9240112,4.295812132,1,,,3696.034077,4
1772,183063.5387,8472450.507,0,745.4039917,36.63988542,5,,,7593.248746,
1768,183063.5387,8468450.507,0,415.0629883,3.015975709,1,,,8754.402393,
1738,183107.6563,8464484.293,0,463.9930115,1.768309802,1,,,5051.198542,
1734,183071.6785,8460442.781,0,460.0069885,2.39303908,1,,,1905.640061,
263,183350.4672,8456761.919,6,420.8930054,4.609410962,1,,,2859.38857,
282,184327.1617,8452846.129,71,422.5280151,4.375095069,1,,,1341.783041,0
279,184685.3837,8447442.882,5,443.5820007,2.291581107,1,,,3971.897828,0
278,184631.6484,8446139.087,0,439.5150146,4.602808861,1,,,5257.993671,0
276,184953.188,8439260.762,0,456.8729858,3.977920902,1,,,2649.561661,
3061,185746.9115,8526852.629,0,731.0479736,3.298372079,5,,,2604.50114,7
3096,186958.8478,8524272.395,9,775.1049805,14.10504485,1,,,198.1171275,7
3092,187063.5387,8520450.507,0,923.815979,8.979858213,1,,,2382.343578,
3088,187063.5387,8516450.507,0,911.2360229,19.34163101,1,,,3133.457801,
3084,187063.5387,8512450.507,0,886.6760254,30.49413593,5,,,4507.454819,
3080,187063.5387,8508450.507,0,513.6290283,16.97747275,5,,,5262.117477,
3076,187063.5387,8504450.507,0,659.9099731,13.95247281,5,,,7447.122341,
3072,187063.5387,8500450.507,0,971.8540039,14.65556286,5,,,9719.770429,
3068,187063.5387,8496450.507,0,579.3839722,18.99573865,5,,,6880.034514,
3027,187063.5387,8492450.507,0,563.0300293,23.42979626,1,,,5669.685035,
1892,187063.5387,8488450.507,3,725.2219849,11.96589433,1,,,4439.196589,4
1888,187063.5387,8484450.507,15,703.9349976,16.86757459,1,,,2097.141637,4
1884,187063.5387,8480450.507,28,519.1110229,8.377502526,1,,,734.9447176,4
1880,187063.5387,8476450.507,0,960.4559937,19.66577792,5,,,3624.629452,4
1876,187063.5387,8472450.507,0,599.3280029,15.93126296,1,,,7470.512361,
1872,187063.5387,8468450.507,0,429.0750122,4.389992457,1,,,5062.918723,
357,187063.5387,8464450.507,0,450.993988,2.549696982,1,,,4559.503764,
353,187063.5387,8460450.507,0,478.0740051,6.215473004,1,,,1109.742872,
349,187063.5387,8456450.507,0,486.3559875,5.45846422,1,,,1708.019276,
345,187063.5387,8452450.507,0,487.8150024,1.028101335,1,,,455.4377448,0
341,187139.6155,8448425.491,19,486.3039856,1.615323631,5,,,3210.742279,0
374,187634.0273,8444694.435,2,450.2200012,2.237177519,1,,,4295.531922,0
370,187668.1484,8440138.531,0,454.8059998,1.168647065,1,,,1847.118871,
330,187370.0732,8436340.737,0,504.0130005,1.215778587,1,,,180.0220302,
326,187653.2563,8432941.94,0,492.8619995,2.914970934,1,,,2150.481188,
3236,191057.9969,8524287.582,0,926.7910156,17.12035609,1,,,2491.552069,
3232,191063.5387,8520450.507,0,917.0900269,13.02727343,1,,,1154.156974,
3228,191063.5387,8516450.507,0,654.6900024,20.6762415,1,,,167.6038832,
3224,191063.5387,8512450.507,0,640.6469727,14.63671579,1,,,592.2940696,
3220,191063.5387,8508450.507,2,765.2869873,31.66315689,5,,,1824.292702,
3216,191063.5387,8504450.507,0,935.9940186,13.33415917,1,,,5095.457754,
3211,191063.5387,8500450.507,0,990.1010132,13.11914936,1,,,8070.675673,
3172,191063.5387,8496450.507,0,635.6220093,23.54828761,5,,,4242.086657,
2000,191063.5387,8492450.507,0,798.1099854,6.914195265,5,,,1674.89916,
1996,191063.5387,8488450.507,12,654.5100098,20.82237589,1,,,1534.834113,4
1992,191063.5387,8484450.507,0,797.5289917,12.78264006,1,,,555.4683274,
1988,191063.5387,8480450.507,0,594.0570068,5.404610665,1,,,2907.556257,4
1984,191063.5387,8476450.507,0,486.9089966,3.195542879,1,,,5759.542401,
1980,191063.5387,8472450.507,0,466.822998,4.20626806,1,,,6542.999801,
1950,191063.5387,8468450.507,0,443.7430115,1.729943526,1,,,2563.935329,
471,191063.5387,8464450.507,0,455.9129944,2.941017611,1,,,602.6493763,
467,191063.5387,8460450.507,0,496.0109863,3.218349681,1,,,976.8854512,
463,191063.5387,8456450.507,0,502.42099,3.409850968,5,,,996.5794439,
459,191063.5387,8452450.507,1,486.1289978,4.761731931,1,,,905.0682692,
455,191063.5387,8448450.507,0,485.6340027,4.105155282,1,,,235.7839108,0
30,191063.5387,8444450.507,4,471.894989,1.675576005,5,,,1015.974443,0
26,191063.5387,8440450.507,0,513.2689819,1.865102324,1,,,899.3793884,
6,191063.5387,8436450.507,0,532.1409912,11.29868429,5,,,2963.015982,
2,190928.3755,8432778.144,0,835.03302,17.39176616,5,,,3650.245876,
397,190974.5349,8430448.795,0,569.7860107,21.37530821,5,,,3134.193185,
3397,194010.419,8526490.978,0,1012.190002,6.983756579,1,,,5708.055954,
3457,194792.066,8524156.538,0,1110.130005,1.837718655,1,,,5873.271755,
3453,195063.5387,8520450.507,0,1084.22998,11.13387712,1,,,5040.594063,
3449,195063.5387,8516450.507,0,945.9379883,4.670345244,1,,,3833.196531,
3445,195063.5387,8512450.507,0,991.3220215,16.10677425,1,,,2128.668912,8
3440,195063.5387,8508450.507,16,811.4439697,14.37966773,1,,,634.5314234,8
3436,195063.5387,8504450.507,0,800.3959961,19.20308384,1,,,4605.293812,8
3370,195063.5387,8500450.507,0,1021.039978,11.15006248,5,,,8230.876774,
3366,195063.5387,8496450.507,0,898.2369995,17.03141455,5,,,4539.316474,
3362,195063.5387,8492450.507,0,859.3839722,5.667847309,1,,,1178.233209,2
3358,195063.5387,8488450.507,7,794.34198,4.265402925,1,,,111.4730859,2
3354,195063.5387,8484450.507,0,913.5839844,32.15977559,5,,,1952.085141,
3350,195063.5387,8480450.507,0,521.9400024,2.644549622,1,,,5826.671227,
3346,195063.5387,8476450.507,0,510.2019958,2.553322623,1,,,8470.857338,
3342,195063.5387,8472450.507,0,480.3059998,1.182728673,1,,,7433.736632,
3276,195063.5387,8468450.507,0,462.5799866,3.814476213,1,,,4067.486636,
550,195063.5387,8464450.507,0,449.1109924,3.735302195,1,,,541.489477,
546,195063.5387,8460450.507,0,498.54599,1.683789894,1,,,2592.30808,
542,195063.5387,8456450.507,0,536.8699951,3.274227463,1,,,794.3938805,
538,195063.5387,8452450.507,0,513.7769775,4.925825429,1,,,457.7694919,0
534,195063.5387,8448450.507,2,500.1900024,2.267152297,1,,,1497.037567,0
88,195063.5387,8444450.507,53,501.8009949,4.074446113,1,,,958.3695802,0
71,195063.5387,8440450.507,3,574.1550293,13.03879006,1,,,1043.812575,0
67,195063.0361,8436451.303,0,1021.359985,8.927467454,1,,,2122.233611,
50,194038.7906,8433809.33,0,925.690979,7.840874251,1,,,1541.268786,
3638,197447.6961,8522872.381,0,1087.790039,2.74731498,1,,,7322.218892,
3695,198658.2166,8520081.319,0,969.7210083,3.088726458,1,,,4282.550146,
3690,199063.5387,8516450.507,0,917.3259888,6.80898529,1,,,818.8730739,
3686,199063.5387,8512450.507,0,929.5629883,2.032442762,5,,,194.5516981,8
3682,199063.5387,8508450.507,177,895.3900146,15.12941411,1,,,603.588985,8
3678,199063.5387,8504450.507,0,959.3540039,22.46947986,1,,,4126.602151,8
3615,199063.5387,8500450.507,0,874.3640137,25.02020538,1,,,8028.716411,2
3611,199063.5387,8496450.507,0,861.2979736,15.43765717,5,,,4894.729811,2
3607,199063.5387,8492450.507,18,842.4819946,3.272838103,1,,,923.1156811,2
3603,199063.5387,8488450.507,16,946.71698,3.949098448,5,,,3014.698799,2
3599,199063.5387,8484450.507,0,887.0750122,18.09049003,5,,,4253.139025,
3595,199063.5387,8480450.507,0,748.3029785,19.64083619,5,,,7420.318283,
3591,199063.5387,8476450.507,0,498.0220032,6.24631333,1,,,10872.97348,
3527,199063.5387,8472450.507,0,489.3989868,2.574830105,1,,,9300.477603,
3523,199063.5387,8468450.507,0,480.9519958,3.247741278,1,,,6124.203239,
626,199063.5387,8464450.507,0,473.0010071,1.57511312,1,,,4514.356587,
622,199063.5387,8460450.507,0,489.2359924,1.931913126,1,,,5851.85981,
618,199063.5387,8456450.507,0,478.5119934,1.267006492,1,,,3303.867902,
614,199063.5387,8452450.507,0,505.5169983,1.316137157,1,,,56.74644632,
610,199063.5387,8448450.507,9,560.2529907,4.933793533,5,,,450.8296203,0
134,199063.5387,8444450.507,0,539.0130005,2.720379937,1,,,2239.508028,0
120,199020.4586,8440492.629,0,1073.790039,7.021958701,1,,,961.8107376,
106,198121.6452,8437109.962,0,991.7199707,0.884828948,1,,,305.8777241,
3861,201327.6198,8518740.902,0,999.427002,7.815628415,1,,,2625.26888,
3912,202554.4054,8515999.655,2,982.1929932,6.73902045,1,,,32.63888008,
3909,203063.5387,8512450.507,14,914.5360107,18.30318196,1,,,1834.920866,8
3905,203063.5387,8508450.507,32,882.6119995,15.56029907,1,,,1129.462686,8
3847,203063.5387,8504450.507,0,904.3829956,10.51393012,1,,,5126.68178,8
3843,203063.5387,8500450.507,14,856.8309937,10.94092266,1,,,4713.339816,2
3839,203063.5387,8496450.507,19,931.9450073,10.16907639,1,,,4102.941653,2
3835,203063.5387,8492450.507,1,890.0540161,7.82737329,1,,,1338.673784,2
3831,203063.5387,8488450.507,10,975.4780273,14.2270683,1,,,2014.436852,2
3827,203063.5387,8484450.507,24,951.1019897,29.20225671,1,,,5491.417927,2
3823,203063.5387,8480450.507,0,753.5650024,25.33850056,5,,,8180.704962,2
3819,203063.5387,8476450.507,0,545.6660156,13.78794343,1,,,7058.042442,
3760,203063.5387,8472450.507,0,508.7609863,0.453169708,1,,,6888.819068,
3756,203063.5387,8468450.507,3,520.3389893,5.843723866,1,,,4234.540777,
702,203063.5387,8464450.507,5,475.9299927,3.377067947,1,,,2795.340675,2
698,203063.5387,8460450.507,0,475.9920044,2.543158942,1,,,4154.544883,
693,203063.5387,8456450.507,0,506.3770142,1.721915644,1,,,2534.842682,
689,203063.5387,8452450.507,0,575.8959961,1.406370222,1,,,365.0241685,
685,203063.5387,8448450.507,0,564.4860229,4.09678135,1,,,2364.835648,
159,203063.5387,8444450.507,0,736.0120239,28.18402843,5,,,3543.093933,
156,203052.9383,8441135.711,0,1159.180054,7.147600842,1,,,1116.401867,
4016,205206.8003,8514608.044,0,1114.699951,7.909914592,1,,,1710.922122,8
4112,206432.2703,8511911.664,0,1034.849976,13.55408456,1,,,392.411516,8
4109,207063.5387,8508450.507,7,1044.530029,11.03363102,1,,,3528.001394,8
4056,207063.5387,8504450.507,0,1134.72998,6.126268805,1,,,6296.653355,
4052,207063.5387,8500450.507,0,948.3289795,15.54467833,1,,,2306.108265,2
4048,207063.5387,8496450.507,67,965.9099731,31.73526481,1,,,942.1459254,2
4044,207063.5387,8492450.507,14,1020.109985,13.43084334,1,,,975.0186016,2
4040,207063.5387,8488450.507,18,883.8439941,25.08825125,1,,,1610.298535,2
4036,207063.5387,8484450.507,89,729.0949707,25.58326327,1,,,5345.947712,2
4032,207063.5387,8480450.507,0,867.8179932,13.2999864,5,,,4270.851595,2
4028,207063.5387,8476450.507,0,754.3959961,10.26343102,5,,,3140.291593,2
3974,207063.5387,8472450.507,0,571.3480225,15.06307102,1,,,3514.031755,
3970,207063.5387,8468450.507,5,530.2910156,17.67716811,5,,,1628.20859,2
777,207063.5387,8464450.507,26,464.197998,1.751761945,1,,,739.2093518,2
773,207063.5387,8460450.507,0,475.6629944,3.184254308,1,,,2640.909162,
769,207063.5387,8456450.507,0,489.8120117,1.444225921,1,,,152.3477055,
765,207063.5387,8452450.507,0,524.2189941,2.476645687,1,,,751.3831684,
761,207063.5387,8448450.507,0,546.0859985,2.357561285,5,,,601.9349022,
190,207017.5921,8444498.207,0,1000.070007,18.8074295,5,,,1648.680339,
180,206196.2854,8441580.155,0,1205.030029,10.21516309,1,,,3735.33499,
6791,212945.8641,8546807.969,0,319.4400024,1.68512104,1,,,10736.34188,9
6765,212182.6008,8543328.525,20,332.3510132,3.557231883,1,,,7952.451082,9
6772,212307.576,8540323.893,38,341.868988,6.075942495,1,,,5224.28687,9
6769,212305.6724,8537076.49,27,348.4819946,1.593906212,1,,,2151.595746,9
4414,212657.9111,8530673.87,0,380.8479919,2.604178138,1,,,587.2013651,9
4412,212566.7235,8528490.628,12,406.5509949,2.836333956,1,,,110.0971309,9
4409,212803.6961,8525103.106,16,436.8500061,2.735991904,1,,,2718.329664,9
4406,213053.7037,8522439.084,0,463.1300049,2.990630343,5,,,4437.678145,9
4351,212813.7144,8515097.023,0,1060.619995,6.03346831,1,,,36.88400856,
4347,211883.0882,8512001.037,0,1141.97998,2.261189301,1,,,102.3893006,
4296,211105.957,8508395.638,0,1198.359985,8.011591513,1,,,2401.446731,
4245,211063.5387,8504450.507,0,1188.02002,8.909249976,5,,,5373.137858,
4241,211063.5387,8500450.507,0,1001.72998,11.96139499,1,,,4015.092273,2
4237,211063.5387,8496450.507,0,1055.109985,2.178747828,5,,,519.4683827,2
4233,211063.5387,8492450.507,34,1026.48999,4.154287423,1,,,966.6706326,2
4229,211063.5387,8488450.507,11,1098.189941,18.76442758,1,,,2552.034317,2
4225,211063.5387,8484450.507,31,795.0830078,26.3192412,5,,,4336.975013,2
4221,211063.5387,8480450.507,46,601.6569824,12.93070875,1,,,818.1582329,2
4172,211063.5387,8476450.507,0,538.0960083,1.874199321,1,,,195.4390195,2
4167,211063.5387,8472450.507,10,526.6240234,6.512176712,1,,,247.8704561,2
4163,211063.5387,8468450.507,21,502.8429871,3.945991845,1,,,644.3852927,2
853,211063.5387,8464450.507,13,508.0150146,7.065386485,1,,,449.6325208,2
849,211063.5387,8460450.507,0,495.1390076,2.025779261,1,,,1062.336106,
845,211063.5387,8456450.507,0,518.4819946,1.393835024,1,,,1653.627296,
841,211063.5387,8452450.507,0,884.8049927,16.72642978,1,,,2477.89276,
818,211063.5387,8448450.507,0,878.0250244,25.99375429,6,,,2469.107824,
211,211084.3849,8444724.779,0,1184.72998,3.257741161,1,,,4310.706197,
6828,215268.1251,8547880.921,25,326.9030151,1.701883244,1,,,11232.5689,9
6825,215092.069,8544440.023,5,367.8179932,1.278617546,1,,,7867.513896,9
6821,215063.5387,8540450.507,0,362.9140015,2.849158662,1,,,4044.730263,9
6798,215065.2637,8536452.233,7,382.82901,1.943830866,1,,,932.8654118,9
6794,215195.564,8532449.07,46,391.9299927,2.637004381,5,,,1138.381378,9
4542,215063.5387,8528450.507,6,412.9370117,1.310118278,1,,,2422.152326,9
4538,215063.5387,8524450.507,48,484.4049988,8.409712384,5,,,4229.132624,9
4600,215763.9746,8520860.301,0,613.4210205,23.6388285,5,,,2084.227747,9
4596,215294.041,8516264.172,0,1057.150024,20.36074327,1,,,1302.480179,
4527,215063.5387,8512450.507,0,1245.109985,8.817011164,1,,,2873.467472,
4458,215063.5387,8508450.507,0,1298.47998,1.936702456,1,,,356.5045583,
4454,215063.5387,8504450.507,0,1225.939941,14.77336521,1,,,3710.732677,
4450,215063.5387,8500450.507,0,1070.630005,3.05191901,1,,,2020.083842,2
4446,215063.5387,8496450.507,267,1044.859985,3.501930059,5,,,570.5111838,2
4442,215063.5387,8492450.507,0,833.8179932,21.64616352,5,,,1889.898883,2
4438,215063.5387,8488450.507,0,1019.669983,12.04702927,1,,,4589.460351,2
4433,215063.5387,8484450.507,22,569.9110107,6.980735411,5,,,1344.356975,2
4368,215063.5387,8480450.507,26,535.4710083,1.094970305,1,,,511.0407117,2
4364,215063.5387,8476450.507,20,533.7089844,2.891082716,1,,,173.3017021,2
4360,215063.5387,8472450.507,11,512.0159912,2.642743745,1,,,2913.709628,2
4356,215063.5387,8468450.507,9,526.3569946,3.199125744,1,,,2384.281994,2
929,215063.5387,8464450.507,4,524.9439697,0.798422564,1,,,258.6957906,2
925,215063.5387,8460450.507,6,814.2119751,43.38464116,5,,,1422.161798,
921,215063.5387,8456450.507,0,757.1489868,14.7116041,5,,,4323.245081,
917,215063.5387,8452450.507,0,863.7280273,6.064210849,5,,,6230.855248,
894,215063.5387,8448450.507,0,1357.969971,8.494945746,5,,,6323.065968,
230,214894.8488,8445244.812,0,1196.930054,4.179544182,1,,,6973.013504,
6903,218935.0789,8547659.786,9,322.230011,3.763815709,1,,,11145.23133,9
6900,219063.5387,8544450.507,0,347.0220032,3.411327056,1,,,8058.734219,9
6878,219063.5387,8540450.507,0,346.0390015,2.493476629,1,,,4376.769975,9
6874,219063.5387,8536450.507,10,378.5469971,3.975180757,1,,,1827.963966,9
6870,219063.5387,8532450.507,6,486.6520081,13.94791294,1,,,463.2437209,9
4806,219063.5387,8528450.507,0,692.5839844,10.21412897,1,,,3834.89911,9
4802,219063.5387,8524450.507,0,1028.089966,15.77087285,6,,,5940.455539,9
4798,219063.5387,8520450.507,0,1121.150024,4.96259719,1,,,3835.081985,
4794,219063.5387,8516450.507,0,1178.51001,11.09238348,1,,,4132.560617,
4790,219063.5387,8512450.507,0,1202.01001,7.51400838,1,,,3859.913125,
4720,219063.5387,8508450.507,0,1258.27002,4.943863085,1,,,455.3016094,
4716,219063.5387,8504450.507,0,1133.719971,10.1226555,1,,,3135.944575,
4712,219063.5387,8500450.507,0,1115.47998,2.175486618,1,,,331.2656018,2
4708,219063.5387,8496450.507,0,1124.530029,8.715385919,5,,,3263.190175,2
4703,219063.5387,8492450.507,0,1274.109985,7.175971935,5,,,5429.271995,
4699,219063.5387,8488450.507,0,931.4379883,12.80333668,5,,,6361.217839,
4695,219063.5387,8484450.507,0,716.0960083,8.683329125,5,,,3660.095547,2
4625,219063.5387,8480450.507,20,554.2490234,1.718300407,1,,,2648.181498,2
4621,219063.5387,8476450.507,14,522.2369995,1.588786155,5,,,571.6841704,2
4617,219063.5387,8472450.507,0,564.5150146,12.01011627,1,,,240.4708947,2
4613,219063.5387,8468450.507,11,524.0510254,2.042349981,1,,,1391.256151,2
1005,219063.5387,8464450.507,3,519.5189819,2.301047554,1,,,736.9228102,2
1001,219063.5387,8460450.507,0,624.6719971,10.60522297,1,,,2816.069485,
997,219063.5387,8456450.507,0,611.0949707,6.156024157,1,,,6795.236622,
974,219063.5387,8452450.507,0,1287.310059,18.06885611,1,,,9786.053302,
970,219063.5387,8448450.507,0,1402.47998,15.50595148,1,,,10287.30228,
244,219088.3497,8445719.464,0,1286.910034,21.74490863,1,,,10785.04125,
6953,221588.1995,8547436.609,7,335.7000122,3.359843142,1,,,11743.19513,9
6951,221442.395,8544295.441,24,318.7229919,0.854911558,1,,,8895.530602,9
6946,222751.4253,8539846.97,66,324.8930054,1.950454095,1,,,6721.512344,9
6943,223063.5387,8536450.507,0,341.3129883,1.412664119,1,,,4792.222603,9
6939,223063.5387,8532450.507,9,410.1159973,1.03768801,1,,,1249.266076,9
5070,223063.5387,8528450.507,12,418.2210083,2.108489314,1,,,620.2019488,9
5066,223063.5387,8524450.507,18,488.8210144,5.078370412,5,,,2755.572526,9
5062,223063.5387,8520450.507,7,595.5780029,22.02023695,1,,,4758.978134,9
5058,223063.5387,8516450.507,0,1120.329956,11.98334642,5,,,5250.914461,
4988,223063.5387,8512450.507,0,1131.48999,3.003670582,5,,,1431.771033,
4984,223063.5387,8508450.507,0,1082.48999,4.184977097,5,,,61.67064696,
4979,223063.5387,8504450.507,0,1131.77002,5.222472813,1,,,193.6762257,
4975,223063.5387,8500450.507,0,1114.050049,11.45764128,5,,,2226.947164,
4971,223063.5387,8496450.507,0,1073.48999,2.225015157,1,,,3267.253715,
4967,223063.5387,8492450.507,0,1151.199951,4.713021878,1,,,3510.489937,
4963,223063.5387,8488450.507,0,1131.349976,12.38598545,1,,,3931.001021,2
4893,223063.5387,8484450.507,22,979.125,18.46254404,5,,,6186.812905,2
4889,223063.5387,8480450.507,8,704.2540283,14.07698619,5,,,2271.667003,2
4885,223063.5387,8476450.507,2,583.125,9.159785341,5,,,864.3924433,2
4881,223063.5387,8472450.507,2,550.3250122,1.83241936,1,,,3092.736803,2
4877,223063.5387,8468450.507,11,536.8109741,2.746685593,1,,,506.1924502,2
1081,223063.5387,8464450.507,0,566.5050049,1.8861734,5,,,2954.757189,
1077,223063.5387,8460450.507,0,625.4520264,17.22230357,1,,,4348.045057,
1073,223063.5387,8456450.507,0,1174.369995,27.2898409,1,,,7018.782594,
1050,223063.5387,8452450.507,0,1551.609985,4.723791028,1,,,7780.559616,
1046,222758.464,8448698.185,0,1300.48999,9.652452055,1,,,10010.15725,
254,221848.8702,8446285.793,0,1278.949951,2.533847478,1,,,12338.07748,
6989,226955.661,8539701.984,31,356.756012,1.341572481,1,,,9391.768694,9
6986,227063.5387,8536450.507,52,337.9790039,1.512974184,1,,,6900.50035,9
6982,227063.5387,8532450.507,19,357.1149902,0.568348993,1,,,4494.388915,9
5334,227063.5387,8528450.507,0,555.2009888,28.19593589,5,,,2772.563402,9
5330,227063.5387,8524450.507,3,399.2999878,0.947658467,1,,,816.8840138,9
5326,227063.5387,8520450.507,13,452.1809998,1.126600152,1,,,2743.3639,9
5322,227063.5387,8516450.507,0,1035.400024,6.893383076,5,,,6075.173545,
5251,227063.5387,8512450.507,0,1014.330017,7.203135305,1,,,3243.096953,
5247,227063.5387,8508450.507,0,1227.890015,4.57330095,5,,,1263.384025,
5243,227063.5387,8504450.507,0,1134.810059,1.058499529,5,,,902.0623008,
5239,227063.5387,8500450.507,0,1213.469971,11.0995195,1,,,441.2162577,
5235,227063.5387,8496450.507,0,1155.140015,8.142482351,1,,,165.677891,2
5231,227063.5387,8492450.507,14,1143.040039,1.06045168,5,,,342.5080366,2
5227,227063.5387,8488450.507,6,1200.630005,5.621921197,1,,,1528.400752,2
5157,227063.5387,8484450.507,0,1193.51001,6.785833675,5,,,4573.187518,2
5153,227063.5387,8480450.507,0,1201.75,13.89527508,1,,,1866.887042,2
5149,227063.5387,8476450.507,0,995.2659912,18.30908419,5,,,1358.103232,
5145,227063.5387,8472450.507,0,545.7719727,1.320812677,5,,,4496.911707,
5141,227063.5387,8468450.507,6,571.4279785,1.624679244,5,,,499.4490805,3
1147,227063.5387,8464450.507,0,1031.869995,27.83698133,5,,,1051.397968,
1143,227063.5387,8460450.507,0,1119.76001,5.782470132,1,,,2993.214913,
1139,227049.6854,8456464.482,0,1505.439941,4.205047955,1,,,3155.147613,
1104,226269.8701,8452954.674,0,1485.949951,3.659624193,1,,,4661.390854,
1085,225158.35,8450310.918,0,1415.449951,5.907703025,1,,,7150.984486,
7018,230053.9941,8539942.216,10,326.7919922,1.194300862,5,,,11483.84901,9
7024,230753.8826,8535983.344,14,346.1570129,7.435281545,5,,,9458.554173,9
7021,231063.5387,8532450.507,18,369.2590027,2.797213266,5,,,8133.172218,9
5594,231063.5387,8528450.507,14,903.6810303,21.59627728,1,,,4848.61051,9
5589,231063.5387,8524450.507,13,530.8289795,20.17814323,1,,,1476.766908,9
5585,231063.5387,8520450.507,1,493.1419983,6.481149274,1,,,1942.709598,9
5519,231063.5387,8516450.507,0,920.0050049,2.493389096,1,,,4773.205507,
5515,231063.5387,8512450.507,0,1115.439941,2.705873228,1,,,3698.716136,
5511,231063.5387,8508450.507,0,1137.280029,3.433427825,1,,,1244.554569,
5507,231063.5387,8504450.507,0,1243.969971,7.824350791,5,,,498.1825608,
5503,231063.5387,8500450.507,6,1056.73999,3.891654773,1,,,270.6262665,2
5499,231063.5387,8496450.507,221,1186.640015,25.38522112,1,,,1414.713673,2
5495,231063.5387,8492450.507,0,1194.810059,2.861792042,1,,,270.0689438,2
5491,231063.5387,8488450.507,0,1215.130005,11.4179452,5,,,1094.06381,
5421,231063.5387,8484450.507,1,1243.189941,16.92858395,5,,,698.7019704,3
5417,231063.5387,8480450.507,12,1248.73999,9.349311968,1,,,476.5050552,3
5413,231063.5387,8476450.507,0,1118.540039,10.92051146,1,,,2397.15738,3
5409,231063.5387,8472450.507,0,1030.880005,16.02204811,1,,,2071.607996,3
5405,231063.5387,8468450.507,27,1095.280029,37.58127902,5,,,682.306094,3
1196,231063.5387,8464450.507,0,1161.619995,1.554966397,1,,,1720.080995,3
1192,231063.5387,8460450.507,0,1377.719971,6.735102682,1,,,3025.30228,
1176,231083.0547,8456814.487,0,1460.01001,1.772285,1,,,613.8589964,
7049,234577.3084,8535756.461,14,346.1799927,2.103969061,5,,,10051.30865,9
5845,234314.7374,8532048.037,40,340.7950134,2.263419156,1,,,7324.279817,9
5841,234983.6128,8528369.963,30,373.803009,10.10159552,1,,,4631.823273,9
5837,235063.5387,8524450.507,23,386.4299927,3.242651392,5,,,973.3674767,9
5833,235063.5387,8520450.507,23,434.1530151,4.442479754,5,,,2042.752079,9
5767,235063.5387,8516450.507,2,889.3400269,3.305259667,5,,,973.1557941,9
5763,235063.5387,8512450.507,0,642.4689941,10.98836937,1,,,2179.50223,
5759,235063.5387,8508450.507,0,737.289978,26.87836636,1,,,1628.082334,
5755,235063.5387,8504450.507,0,1056.25,8.911670118,1,,,1433.149709,
5751,235063.5387,8500450.507,2,1036.329956,11.29059123,5,,,207.6087166,2
5747,235063.5387,8496450.507,0,830.5250244,6.772828098,1,,,358.756007,2
5743,235063.5387,8492450.507,1,997.7410278,15.25560731,1,,,2664.552602,2
5677,235063.5387,8488450.507,0,865.052002,4.94275776,1,,,2869.011961,
5673,235063.5387,8484450.507,6,836.2509766,2.989802324,1,,,1108.540431,3
5669,235063.5387,8480450.507,20,787.2210083,3.666461059,5,,,451.0942324,3
5665,235063.5387,8476450.507,311,822.4619751,3.039465403,1,,,162.8266273,3
7070,235063.5387,8472450.507,4450,837.625,2.670865644,1,,,318.974222,3
5661,235063.5387,8468450.507,10,797.0150146,2.234798639,1,,,230.1110129,3
1247,235063.5387,8464450.507,0,1175.160034,14.28796196,1,,,1352.11552,
1229,235063.5387,8460450.507,0,1328.160034,9.093626985,1,,,2421.87375,
1225,235086.9069,8456688.775,0,1518.23999,2.418665518,1,,,400.7084554,
6169,239589.1145,8531393.521,31,348.7489929,1.247445919,1,,,4262.317828,9
6099,239114.6296,8528402.433,62,338.6830139,2.636431314,1,,,1419.032062,9
6095,239063.5387,8524450.507,138,369.3630066,4.02656942,1,,,173.7014114,9
6024,239063.5387,8520450.507,10,648.0059814,13.42492015,5,,,1793.345568,9
6020,239063.5387,8516450.507,29,808.5949707,12.94197171,5,,,694.0701188,9
6016,239063.5387,8512450.507,9,467.8630066,4.322626832,1,,,1583.967415,9
6012,239063.5387,8508450.507,0,804.1430054,4.218320258,5,,,1971.657653,9
6008,239063.5387,8504450.507,0,621.5319824,23.2216312,1,,,2441.413624,9
6004,239063.5387,8500450.507,0,613.1099854,21.398236,1,,,3670.588897,9
6000,239063.5387,8496450.507,0,766.6799927,34.46005772,5,,,4196.479843,
5996,239063.5387,8492450.507,0,787.8439941,8.159589902,5,,,1634.325189,
5927,239063.5387,8488450.507,0,836.8579712,7.145600714,5,,,227.2258434,
5923,239063.5387,8484450.507,7,755.7940063,1.542031685,5,,,2159.464699,3
5919,239063.5387,8480450.507,8,770.4039917,5.703835363,5,,,7.069664215,3
5915,239063.5387,8476450.507,26,783.1199951,1.296788279,1,,,178.8222238,3
7081,239063.5387,8472450.507,5,799.6240234,3.396125195,5,,,2252.316902,3
5909,239063.5387,8468450.507,0,829.3959961,1.403171246,1,,,259.1097058,3
1297,239063.5387,8464450.507,0,1279.97998,18.58149919,1,,,2540.698358,
1281,239063.5387,8460450.507,0,1398.98999,11.85108414,1,,,23.80636955,
1277,239085.376,8456565.367,0,1414.199951,2.603424006,1,,,3155.995445,
6303,241910.0349,8531390.821,25,479.3200073,33.78295503,5,,,4773.444381,9
6367,242516.331,8528033.986,9,466.7070007,12.42685953,1,,,2909.395315,9
6363,243063.5387,8524450.507,60,589.947998,22.52474618,1,,,1831.602213,9
6292,243063.5387,8520450.507,35,801.1300049,21.51710468,1,,,518.9325729,9
6288,243063.5387,8516450.507,10,799.9719849,23.46339521,1,,,2271.797261,9
6284,243063.5387,8512450.507,53,543.414978,36.90912565,1,,,1453.442493,9
6280,243063.5387,8508450.507,30,427.0130005,3.283537599,1,,,3549.130871,9
6276,243063.5387,8504450.507,52,381.3829956,1.53197628,1,,,4810.779486,9
6272,243063.5387,8500450.507,0,597.3699951,30.08347398,1,,,6661.811718,9
6268,243063.5387,8496450.507,0,827.8519897,33.33424246,5,,,6935.986534,
6197,243063.5387,8492450.507,0,538.552002,24.46746719,5,,,4365.62224,
6193,243063.5387,8488450.507,0,1048.609985,18.5227006,1,,,4220.253269,
6189,243063.5387,8484450.507,0,688.9970093,0.707074942,5,,,547.151025,
6184,243063.5387,8480450.507,0,1019.02002,11.49494402,1,,,1668.897951,
6180,243063.5387,8476450.507,8,1094.040039,28.2239749,5,,,2031.538679,3
6176,243063.5387,8472450.507,8,858.1099854,3.341613837,1,,,552.5912902,3
6172,243063.5387,8468450.507,0,832.8720093,6.266327305,5,,,2235.86145,
1346,243063.5387,8464450.507,0,1239.130005,4.240473174,1,,,151.5678309,
1329,243063.5387,8460450.507,0,1249.01001,2.638311637,1,,,1113.484947,
1325,243071.9063,8456462.09,0,1248.119995,16.824941,5,,,4971.72938,
1349,244311.3245,8454404.075,0,1219.140015,2.891802149,1,,,6981.93061,
6541,245352.3163,8526722.781,0,346.1839905,1.628612447,5,,,4796.661375,
6487,245450.1775,8524364.653,44,345.4419861,2.200658323,1,,,2961.557699,9
6538,246491.3395,8520290.325,24,435.5369873,24.63131964,1,,,1152.669727,9
6534,247049.3401,8516436.439,54,409.9219971,12.97504364,1,,,1412.585273,9
6530,247063.5387,8512450.507,67,417.4039917,7.18915897,1,,,1089.532494,9
6526,247063.5387,8508450.507,89,369.1040039,2.972090496,1,,,76.25893639,9
6522,247063.5387,8504450.507,50,496.6520081,12.75419447,1,,,1368.935921,9
6518,247063.5387,8500450.507,0,530.2700195,6.647002014,1,,,2967.728074,9
6514,247063.5387,8496450.507,0,558.7219849,29.90877442,1,,,4956.288402,
6455,246985.8026,8492501.215,0,469.7269897,17.72503937,5,,,7765.128684,
6450,247047.3813,8488434.632,0,667.0310059,32.62057963,5,,,6177.838891,
6446,246715.4698,8484629.952,0,998.2369995,15.07240281,1,,,4052.657091,
6442,246870.1478,8480314.482,0,1157.329956,3.51004147,1,,,4783.070616,
6438,246924.873,8476614.884,0,845.6669922,7.030656103,1,,,2199.411761,
6310,245769.8893,8472502.141,0,854.0040283,2.567588861,1,,,1642.150281,
6434,247000.6993,8468383.617,0,968.8670044,11.25087071,5,,,724.6267525,
1385,247063.5387,8464450.507,0,1173.170044,12.32191335,1,,,222.28837,
1381,246784.2633,8460604.552,0,1198.339966,6.971497245,1,,,1930.983468,
1377,246945.3652,8456325.059,0,1286.959961,9.007923895,5,,,5429.875556,
1388,247376.7746,8454309.464,0,1184.930054,16.12974819,5,,,7473.50605,
6667,250296.7358,8515501.764,78,364.3869934,2.238617446,1,,,2915.073014,9
6664,251050.3742,8512436.725,118,352.8359985,2.897669033,1,,,362.6887239,9
6660,251063.5387,8508450.507,76,399.4360046,2.683126351,1,,,2546.628837,9
6656,251063.5387,8504450.507,38,388.9679871,2.586104066,1,,,422.8464559,9
6651,251060.3048,8500453.905,0,561.382019,18.62591108,5,,,596.5169174,9
6623,250419.1823,8496643.685,0,708.2990112,11.3645562,5,,,2392.463863,
6592,249593.7249,8493666.31,0,903.6699829,11.02469562,1,,,5349.988756,
6590,249551.2953,8488359.065,0,1048.650024,13.59222407,1,,,8093.357023,
6550,249162.9499,8486276.762,0,1098.369995,15.62108893,1,,,6832.803709,
6620,250819.4149,8479862.773,0,747.3709717,2.71646005,1,,,6756.674747,
6545,249425.395,8477531.559,0,743.3880005,4.795210703,1,,,4061.943768,
6542,249432.754,8467572.125,0,1007.719971,2.777651259,1,,,126.4982359,
1415,249676.8099,8464519.355,0,1090.650024,10.4640041,1,,,2064.131864,
1413,249317.1871,8462197.57,0,1190.089966,13.6728565,1,,,2963.171949,
1419,251021.8794,8455753.64,0,1129.380005,15.74481091,1,,,8236.909942,
1418,251225.0249,8454190.692,0,1110.52002,14.02633917,5,,,9509.010122,
6728,254543.0274,8511843.612,16,408.4710083,16.02033182,5,,,3883.158903,9
6724,254753.4438,8508574.243,0,812.3430176,13.2276125,5,,,4702.803887,9
6720,254396.7976,8504535.882,0,921.7630005,8.015899308,5,,,3680.259776,9
6705,253792.3472,8501160.575,0,795.6569824,15.78142449,5,,,2960.886638,9
6669,253223.1634,8481103.695,0,680.3690186,1.922798042,1,,,9257.801899,
1429,253670.569,8455371.663,0,1256.199951,6.302407215,1,,,10538.12903,
1428,254236.7235,8454088.822,0,1170.359985,14.1187576,1,,,11758.84505,
